method,ate,ate_lb,ate_ub,significant
TLearner,0.20370564554340467,0.08176459217198864,0.35597297952221385,1
