Cohort,AUC_pooled,AUC_SE
A,0.735792445607095,0.0007539340320090552
B,0.6343823246878002,0.0002754536748207618
C,0.6426180528565876,0.005691321417173921
