method,ate,ate_lb,ate_ub,significant
LinearDML,0.02425066744936469,-0.022918202360417087,0.07141953725914651,0
TLearner,0.03589399133290388,-0.007020076740578539,0.08118193834697693,0
