method,ate,ate_lb,ate_ub,significant
TLearner,0.021575657764924105,-0.008745883725590771,0.050194294106099754,0
