method,ate,ate_lb,ate_ub,significant
TLearner,-0.008028786127963431,-0.01678308832407034,0.0005023193767402645,0
