Intervention,ATE,LB,UB
Depression,0.05928383197895425,-0.03471939723736712,0.1532870611952756
Cognition,0.09099681224280853,-0.014988443973075694,0.1969820684586928
