method,ate,ate_lb,ate_ub,significant
LinearDML,-0.0035223074103126477,-0.038860337382993625,0.03181572256236834,0
TLearner,0.002358233525692798,-0.029005094995853374,0.03579953863194278,0
