method,ate,ate_lb,ate_ub,significant
LinearDML,0.009974925932098847,-0.02054445500886793,0.04049430687306569,0
TLearner,0.001229846994368383,-0.025137204182853222,0.02720897216967179,0
