method,ate,ate_lb,ate_ub,significant
TLearner,0.03267971496387109,-0.0027463115262142115,0.058456311589931996,0
