method,ate,ate_lb,ate_ub,significant
TLearner,0.2522813058200018,0.13976737947156317,0.3833562481583653,1
