method,ate,ate_lb,ate_ub,significant
LinearDML,-0.0051077664855094474,-0.044094516310937866,0.033878983339919025,0
TLearner,-0.005868545111426306,-0.03727229715403725,0.02033534813020255,0
