method,ate,ate_lb,ate_ub,significant
TLearner,0.010940725426036113,-0.036954748644024746,0.047446935709816326,0
