method,ate,ate_lb,ate_ub,significant
TLearner,0.007047950252757987,-0.016284730682242603,0.02802693505298681,0
