method,ate,ate_lb,ate_ub,significant
TLearner,0.29056561199709574,0.13086496611115894,0.4931949027419732,1
