method,ate,ate_lb,ate_ub,significant
LinearDML,-0.017187695729899637,-0.029849822754447503,-0.004525568705351786,1
TLearner,-0.0029470113109614023,-0.013210873149411387,0.007962825613069432,0
