method,ate,ate_lb,ate_ub,significant
TLearner,-0.023348680787605762,-0.049008867636789286,-0.0033328439815689757,1
