method,ate,ate_lb,ate_ub,significant
TLearner,0.009162390402800534,-0.034747656322529116,0.07136199020861402,0
