method,ate,ate_lb,ate_ub,significant
TLearner,0.022909922391364673,-0.010484139348125239,0.05122727878935242,0
