method,ate,ate_lb,ate_ub,significant
TLearner,-0.0128608819586357,-0.02028161150317535,-0.002777907798578036,1
