method,ate,ate_lb,ate_ub,significant
TLearner,-0.012190308509381083,-0.037380577980335845,0.017693054873762628,0
