method,ate,ate_lb,ate_ub,significant
TLearner,-0.008867188081271224,-0.01576503269429412,0.0005102389473666657,0
