method,ate,ate_lb,ate_ub,significant
LinearDML,0.0036409370550606747,-0.007984871206844471,0.015266745316965818,0
TLearner,-0.0015255681223428864,-0.010340587613831482,0.009679667669303444,0
