method,ate,ate_lb,ate_ub,significant
TLearner,0.01310147356437778,-0.002657011798350676,0.03374264933240405,0
